t,x,y
0.00000,0.00000,0.70000
0.00100,0.00651,0.70650
0.00200,0.01302,0.71299
0.00300,0.01953,0.71947
0.00400,0.02604,0.72594
0.00500,0.03255,0.73240
0.00600,0.03906,0.73885
0.00700,0.04557,0.74529
0.00800,0.05208,0.75173
0.00900,0.05859,0.75815
0.01000,0.06510,0.76456
0.01100,0.07161,0.77096
0.01200,0.07812,0.77735
0.01300,0.08463,0.78374
0.01400,0.09114,0.79011
0.01500,0.09765,0.79647
0.01600,0.10416,0.80282
0.01700,0.11067,0.80917
0.01800,0.11718,0.81550
0.01900,0.12369,0.82182
0.02000,0.13020,0.82814
0.02100,0.13671,0.83444
0.02200,0.14322,0.84074
0.02300,0.14973,0.84702
0.02400,0.15624,0.85330
0.02500,0.16275,0.85956
0.02600,0.16926,0.86581
0.02700,0.17577,0.87206
0.02800,0.18228,0.87830
0.02900,0.18879,0.88452
0.03000,0.19530,0.89074
0.03100,0.20181,0.89694
0.03200,0.20832,0.90314
0.03300,0.21483,0.90932
0.03400,0.22134,0.91550
0.03500,0.22785,0.92167
0.03600,0.23436,0.92782
0.03700,0.24087,0.93397
0.03800,0.24738,0.94011
0.03900,0.25389,0.94624
0.04000,0.26040,0.95235
0.04100,0.26691,0.95846
0.04200,0.27342,0.96456
0.04300,0.27993,0.97065
0.04400,0.28644,0.97673
0.04500,0.29295,0.98279
0.04600,0.29946,0.98885
0.04700,0.30597,0.99490
0.04800,0.31248,1.00094
0.04900,0.31899,1.00697
0.05000,0.32550,1.01299
0.05100,0.33201,1.01900
0.05200,0.33852,1.02500
0.05300,0.34503,1.03099
0.05400,0.35154,1.03697
0.05500,0.35805,1.04294
0.05600,0.36456,1.04890
0.05700,0.37107,1.05485
0.05800,0.37758,1.06079
0.05900,0.38409,1.06672
0.06000,0.39060,1.07264
0.06100,0.39711,1.07856
0.06200,0.40362,1.08446
0.06300,0.41013,1.09035
0.06400,0.41664,1.09623
0.06500,0.42315,1.10210
0.06600,0.42966,1.10797
0.06700,0.43617,1.11382
0.06800,0.44268,1.11966
0.06900,0.44919,1.12549
0.07000,0.45570,1.13132
0.07100,0.46221,1.13713
0.07200,0.46872,1.14293
0.07300,0.47522,1.14873
0.07400,0.48173,1.15451
0.07500,0.48824,1.16029
0.07600,0.49475,1.16605
0.07700,0.50126,1.17181
0.07800,0.50777,1.17755
0.07900,0.51428,1.18328
0.08000,0.52079,1.18901
0.08100,0.52730,1.19473
0.08200,0.53381,1.20043
0.08300,0.54032,1.20613
0.08400,0.54683,1.21181
0.08500,0.55334,1.21749
0.08600,0.55985,1.22315
0.08700,0.56636,1.22881
0.08800,0.57287,1.23446
0.08900,0.57938,1.24009
0.09000,0.58589,1.24572
0.09100,0.59240,1.25134
0.09200,0.59891,1.25695
0.09300,0.60542,1.26254
0.09400,0.61193,1.26813
0.09500,0.61844,1.27371
0.09600,0.62495,1.27928
0.09700,0.63146,1.28484
0.09800,0.63797,1.29038
0.09900,0.64448,1.29592
0.10000,0.65099,1.30145
0.10100,0.65750,1.30697
0.10200,0.66401,1.31248
0.10300,0.67052,1.31798
0.10400,0.67703,1.32347
0.10500,0.68354,1.32895
0.10600,0.69005,1.33442
0.10700,0.69656,1.33988
0.10800,0.70307,1.34533
0.10900,0.70958,1.35077
0.11000,0.71609,1.35620
0.11100,0.72260,1.36162
0.11200,0.72911,1.36703
0.11300,0.73562,1.37244
0.11400,0.74213,1.37783
0.11500,0.74864,1.38321
0.11600,0.75515,1.38858
0.11700,0.76166,1.39394
0.11800,0.76817,1.39930
0.11900,0.77468,1.40464
0.12000,0.78119,1.40997
0.12100,0.78770,1.41529
0.12200,0.79421,1.42061
0.12300,0.80072,1.42591
0.12400,0.80723,1.43120
0.12500,0.81374,1.43649
0.12600,0.82025,1.44176
0.12700,0.82676,1.44703
0.12800,0.83327,1.45228
0.12900,0.83978,1.45752
0.13000,0.84629,1.46276
0.13100,0.85280,1.46798
0.13200,0.85931,1.47320
0.13300,0.86582,1.47840
0.13400,0.87233,1.48360
0.13500,0.87884,1.48878
0.13600,0.88535,1.49396
0.13700,0.89186,1.49913
0.13800,0.89837,1.50428
0.13900,0.90488,1.50943
0.14000,0.91139,1.51457
0.14100,0.91790,1.51969
0.14200,0.92441,1.52481
0.14300,0.93092,1.52992
0.14400,0.93743,1.53501
0.14500,0.94394,1.54010
0.14600,0.95045,1.54518
0.14700,0.95696,1.55025
0.14800,0.96347,1.55530
0.14900,0.96998,1.56035
0.15000,0.97649,1.56539
0.15100,0.98300,1.57042
0.15200,0.98951,1.57544
0.15300,0.99602,1.58045
0.15400,1.00253,1.58545
0.15500,1.00904,1.59044
0.15600,1.01555,1.59542
0.15700,1.02206,1.60039
0.15800,1.02857,1.60535
0.15900,1.03508,1.61030
0.16000,1.04159,1.61524
0.16100,1.04810,1.62017
0.16200,1.05461,1.62509
0.16300,1.06112,1.63000
0.16400,1.06763,1.63490
0.16500,1.07414,1.63979
0.16600,1.08065,1.64467
0.16700,1.08716,1.64954
0.16800,1.09367,1.65441
0.16900,1.10018,1.65926
0.17000,1.10669,1.66410
0.17100,1.11320,1.66893
0.17200,1.11971,1.67375
0.17300,1.12622,1.67857
0.17400,1.13273,1.68337
0.17500,1.13924,1.68816
0.17600,1.14575,1.69295
0.17700,1.15226,1.69772
0.17800,1.15877,1.70248
0.17900,1.16528,1.70724
0.18000,1.17179,1.71198
0.18100,1.17830,1.71672
0.18200,1.18481,1.72144
0.18300,1.19132,1.72616
0.18400,1.19783,1.73086
0.18500,1.20434,1.73556
0.18600,1.21085,1.74024
0.18700,1.21736,1.74492
0.18800,1.22387,1.74958
0.18900,1.23038,1.75424
0.19000,1.23689,1.75888
0.19100,1.24340,1.76352
0.19200,1.24991,1.76815
0.19300,1.25642,1.77276
0.19400,1.26293,1.77737
0.19500,1.26944,1.78197
0.19600,1.27595,1.78655
0.19700,1.28246,1.79113
0.19800,1.28897,1.79570
0.19900,1.29548,1.80026
0.20000,1.30199,1.80481
0.20100,1.30850,1.80934
0.20200,1.31501,1.81387
0.20300,1.32152,1.81839
0.20400,1.32803,1.82290
0.20500,1.33454,1.82740
0.20600,1.34105,1.83189
0.20700,1.34756,1.83637
0.20800,1.35407,1.84084
0.20900,1.36058,1.84530
0.21000,1.36709,1.84974
0.21100,1.37360,1.85418
0.21200,1.38011,1.85862
0.21300,1.38662,1.86304
0.21400,1.39313,1.86745
0.21500,1.39964,1.87185
0.21600,1.40615,1.87624
0.21700,1.41265,1.88062
0.21800,1.41916,1.88499
0.21900,1.42567,1.88935
0.22000,1.43218,1.89370
0.22100,1.43869,1.89805
0.22200,1.44520,1.90238
0.22300,1.45171,1.90670
0.22400,1.45822,1.91101
0.22500,1.46473,1.91532
0.22600,1.47124,1.91961
0.22700,1.47775,1.92389
0.22800,1.48426,1.92816
0.22900,1.49077,1.93243
0.23000,1.49728,1.93668
0.23100,1.50379,1.94093
0.23200,1.51030,1.94516
0.23300,1.51681,1.94938
0.23400,1.52332,1.95360
0.23500,1.52983,1.95780
0.23600,1.53634,1.96200
0.23700,1.54285,1.96618
0.23800,1.54936,1.97036
0.23900,1.55587,1.97452
0.24000,1.56238,1.97868
0.24100,1.56889,1.98282
0.24200,1.57540,1.98696
0.24300,1.58191,1.99109
0.24400,1.58842,1.99520
0.24500,1.59493,1.99931
0.24600,1.60144,2.00341
0.24700,1.60795,2.00749
0.24800,1.61446,2.01157
0.24900,1.62097,2.01564
0.25000,1.62748,2.01969
0.25100,1.63399,2.02374
0.25200,1.64050,2.02778
0.25300,1.64701,2.03181
0.25400,1.65352,2.03583
0.25500,1.66003,2.03983
0.25600,1.66654,2.04383
0.25700,1.67305,2.04782
0.25800,1.67956,2.05180
0.25900,1.68607,2.05577
0.26000,1.69258,2.05973
0.26100,1.69909,2.06368
0.26200,1.70560,2.06762
0.26300,1.71211,2.07155
0.26400,1.71862,2.07547
0.26500,1.72513,2.07938
0.26600,1.73164,2.08328
0.26700,1.73815,2.08717
0.26800,1.74466,2.09105
0.26900,1.75117,2.09492
0.27000,1.75768,2.09878
0.27100,1.76419,2.10263
0.27200,1.77070,2.10648
0.27300,1.77721,2.11031
0.27400,1.78372,2.11413
0.27500,1.79023,2.11794
0.27600,1.79674,2.12174
0.27700,1.80325,2.12554
0.27800,1.80976,2.12932
0.27900,1.81627,2.13309
0.28000,1.82278,2.13686
0.28100,1.82929,2.14061
0.28200,1.83580,2.14435
0.28300,1.84231,2.14809
0.28400,1.84882,2.15181
0.28500,1.85533,2.15552
0.28600,1.86184,2.15923
0.28700,1.86835,2.16292
0.28800,1.87486,2.16661
0.28900,1.88137,2.17028
0.29000,1.88788,2.17395
0.29100,1.89439,2.17760
0.29200,1.90090,2.18125
0.29300,1.90741,2.18488
0.29400,1.91392,2.18851
0.29500,1.92043,2.19213
0.29600,1.92694,2.19573
0.29700,1.93345,2.19933
0.29800,1.93996,2.20291
0.29900,1.94647,2.20649
0.30000,1.95298,2.21006
0.30100,1.95949,2.21361
0.30200,1.96600,2.21716
0.30300,1.97251,2.22070
0.30400,1.97902,2.22423
0.30500,1.98553,2.22775
0.30600,1.99204,2.23125
0.30700,1.99855,2.23475
0.30800,2.00506,2.23824
0.30900,2.01157,2.24172
0.31000,2.01808,2.24519
0.31100,2.02459,2.24865
0.31200,2.03110,2.25210
0.31300,2.03761,2.25554
0.31400,2.04412,2.25896
0.31500,2.05063,2.26238
0.31600,2.05714,2.26579
0.31700,2.06365,2.26919
0.31800,2.07016,2.27259
0.31900,2.07667,2.27597
0.32000,2.08318,2.27934
0.32100,2.08969,2.28270
0.32200,2.09620,2.28605
0.32300,2.10271,2.28939
0.32400,2.10922,2.29272
0.32500,2.11573,2.29604
0.32600,2.12224,2.29935
0.32700,2.12875,2.30266
0.32800,2.13526,2.30595
0.32900,2.14177,2.30923
0.33000,2.14828,2.31250
0.33100,2.15479,2.31577
0.33200,2.16130,2.31902
0.33300,2.16781,2.32226
0.33400,2.17432,2.32550
0.33500,2.18083,2.32872
0.33600,2.18734,2.33193
0.33700,2.19385,2.33514
0.33800,2.20036,2.33833
0.33900,2.20687,2.34152
0.34000,2.21338,2.34469
0.34100,2.21989,2.34786
0.34200,2.22640,2.35101
0.34300,2.23291,2.35416
0.34400,2.23942,2.35729
0.34500,2.24593,2.36042
0.34600,2.25244,2.36353
0.34700,2.25895,2.36664
0.34800,2.26546,2.36973
0.34900,2.27197,2.37282
0.35000,2.27848,2.37590
0.35100,2.28499,2.37896
0.35200,2.29150,2.38202
0.35300,2.29801,2.38507
0.35400,2.30452,2.38810
0.35500,2.31103,2.39113
0.35600,2.31754,2.39415
0.35700,2.32405,2.39716
0.35800,2.33056,2.40015
0.35900,2.33707,2.40314
0.36000,2.34358,2.40612
0.36100,2.35009,2.40909
0.36200,2.35659,2.41205
0.36300,2.36310,2.41500
0.36400,2.36961,2.41794
0.36500,2.37612,2.42087
0.36600,2.38263,2.42379
0.36700,2.38914,2.42669
0.36800,2.39565,2.42959
0.36900,2.40216,2.43248
0.37000,2.40867,2.43537
0.37100,2.41518,2.43824
0.37200,2.42169,2.44110
0.37300,2.42820,2.44395
0.37400,2.43471,2.44679
0.37500,2.44122,2.44962
0.37600,2.44773,2.45244
0.37700,2.45424,2.45525
0.37800,2.46075,2.45805
0.37900,2.46726,2.46085
0.38000,2.47377,2.46363
0.38100,2.48028,2.46640
0.38200,2.48679,2.46916
0.38300,2.49330,2.47192
0.38400,2.49981,2.47466
0.38500,2.50632,2.47739
0.38600,2.51283,2.48011
0.38700,2.51934,2.48283
0.38800,2.52585,2.48553
0.38900,2.53236,2.48823
0.39000,2.53887,2.49091
0.39100,2.54538,2.49358
0.39200,2.55189,2.49625
0.39300,2.55840,2.49890
0.39400,2.56491,2.50155
0.39500,2.57142,2.50418
0.39600,2.57793,2.50681
0.39700,2.58444,2.50942
0.39800,2.59095,2.51203
0.39900,2.59746,2.51462
0.40000,2.60397,2.51721
0.40100,2.61048,2.51979
0.40200,2.61699,2.52235
0.40300,2.62350,2.52491
0.40400,2.63001,2.52746
0.40500,2.63652,2.52999
0.40600,2.64303,2.53252
0.40700,2.64954,2.53504
0.40800,2.65605,2.53754
0.40900,2.66256,2.54004
0.41000,2.66907,2.54253
0.41100,2.67558,2.54501
0.41200,2.68209,2.54748
0.41300,2.68860,2.54993
0.41400,2.69511,2.55238
0.41500,2.70162,2.55482
0.41600,2.70813,2.55725
0.41700,2.71464,2.55967
0.41800,2.72115,2.56208
0.41900,2.72766,2.56448
0.42000,2.73417,2.56687
0.42100,2.74068,2.56925
0.42200,2.74719,2.57162
0.42300,2.75370,2.57398
0.42400,2.76021,2.57633
0.42500,2.76672,2.57867
0.42600,2.77323,2.58100
0.42700,2.77974,2.58332
0.42800,2.78625,2.58563
0.42900,2.79276,2.58793
0.43000,2.79927,2.59023
0.43100,2.80578,2.59251
0.43200,2.81229,2.59478
0.43300,2.81880,2.59704
0.43400,2.82531,2.59930
0.43500,2.83182,2.60154
0.43600,2.83833,2.60377
0.43700,2.84484,2.60599
0.43800,2.85135,2.60821
0.43900,2.85786,2.61041
0.44000,2.86437,2.61260
0.44100,2.87088,2.61479
0.44200,2.87739,2.61696
0.44300,2.88390,2.61913
0.44400,2.89041,2.62128
0.44500,2.89692,2.62342
0.44600,2.90343,2.62556
0.44700,2.90994,2.62768
0.44800,2.91645,2.62980
0.44900,2.92296,2.63190
0.45000,2.92947,2.63400
0.45100,2.93598,2.63608
0.45200,2.94249,2.63816
0.45300,2.94900,2.64023
0.45400,2.95551,2.64228
0.45500,2.96202,2.64433
0.45600,2.96853,2.64637
0.45700,2.97504,2.64839
0.45800,2.98155,2.65041
0.45900,2.98806,2.65242
0.46000,2.99457,2.65441
0.46100,3.00108,2.65640
0.46200,3.00759,2.65838
0.46300,3.01410,2.66035
0.46400,3.02061,2.66231
0.46500,3.02712,2.66425
0.46600,3.03363,2.66619
0.46700,3.04014,2.66812
0.46800,3.04665,2.67004
0.46900,3.05316,2.67195
0.47000,3.05967,2.67385
0.47100,3.06618,2.67574
0.47200,3.07269,2.67762
0.47300,3.07920,2.67949
0.47400,3.08571,2.68135
0.47500,3.09222,2.68320
0.47600,3.09873,2.68504
0.47700,3.10524,2.68687
0.47800,3.11175,2.68869
0.47900,3.11826,2.69050
0.48000,3.12477,2.69230
0.48100,3.13128,2.69409
0.48200,3.13779,2.69587
0.48300,3.14430,2.69764
0.48400,3.15081,2.69941
0.48500,3.15732,2.70116
0.48600,3.16383,2.70290
0.48700,3.17034,2.70463
0.48800,3.17685,2.70636
0.48900,3.18336,2.70807
0.49000,3.18987,2.70977
0.49100,3.19638,2.71147
0.49200,3.20289,2.71315
0.49300,3.20940,2.71482
0.49400,3.21591,2.71649
0.49500,3.22242,2.71814
0.49600,3.22893,2.71978
0.49700,3.23544,2.72142
0.49800,3.24195,2.72304
0.49900,3.24846,2.72466
0.50000,3.25497,2.72626
0.50100,3.26148,2.72786
0.50200,3.26799,2.72944
0.50300,3.27450,2.73102
0.50400,3.28101,2.73258
0.50500,3.28752,2.73414
0.50600,3.29403,2.73569
0.50700,3.30053,2.73722
0.50800,3.30704,2.73875
0.50900,3.31355,2.74027
0.51000,3.32006,2.74177
0.51100,3.32657,2.74327
0.51200,3.33308,2.74476
0.51300,3.33959,2.74623
0.51400,3.34610,2.74770
0.51500,3.35261,2.74916
0.51600,3.35912,2.75061
0.51700,3.36563,2.75205
0.51800,3.37214,2.75347
0.51900,3.37865,2.75489
0.52000,3.38516,2.75630
0.52100,3.39167,2.75770
0.52200,3.39818,2.75909
0.52300,3.40469,2.76047
0.52400,3.41120,2.76184
0.52500,3.41771,2.76320
0.52600,3.42422,2.76455
0.52700,3.43073,2.76589
0.52800,3.43724,2.76722
0.52900,3.44375,2.76854
0.53000,3.45026,2.76985
0.53100,3.45677,2.77115
0.53200,3.46328,2.77244
0.53300,3.46979,2.77372
0.53400,3.47630,2.77499
0.53500,3.48281,2.77626
0.53600,3.48932,2.77751
0.53700,3.49583,2.77875
0.53800,3.50234,2.77998
0.53900,3.50885,2.78120
0.54000,3.51536,2.78242
0.54100,3.52187,2.78362
0.54200,3.52838,2.78481
0.54300,3.53489,2.78599
0.54400,3.54140,2.78717
0.54500,3.54791,2.78833
0.54600,3.55442,2.78949
0.54700,3.56093,2.79063
0.54800,3.56744,2.79176
0.54900,3.57395,2.79289
0.55000,3.58046,2.79400
0.55100,3.58697,2.79511
0.55200,3.59348,2.79620
0.55300,3.59999,2.79729
0.55400,3.60650,2.79836
0.55500,3.61301,2.79943
0.55600,3.61952,2.80048
0.55700,3.62603,2.80153
0.55800,3.63254,2.80256
0.55900,3.63905,2.80359
0.56000,3.64556,2.80461
0.56100,3.65207,2.80561
0.56200,3.65858,2.80661
0.56300,3.66509,2.80760
0.56400,3.67160,2.80857
0.56500,3.67811,2.80954
0.56600,3.68462,2.81050
0.56700,3.69113,2.81145
0.56800,3.69764,2.81238
0.56900,3.70415,2.81331
0.57000,3.71066,2.81423
0.57100,3.71717,2.81514
0.57200,3.72368,2.81604
0.57300,3.73019,2.81693
0.57400,3.73670,2.81781
0.57500,3.74321,2.81867
0.57600,3.74972,2.81953
0.57700,3.75623,2.82038
0.57800,3.76274,2.82122
0.57900,3.76925,2.82205
0.58000,3.77576,2.82287
0.58100,3.78227,2.82368
0.58200,3.78878,2.82448
0.58300,3.79529,2.82527
0.58400,3.80180,2.82606
0.58500,3.80831,2.82683
0.58600,3.81482,2.82759
0.58700,3.82133,2.82834
0.58800,3.82784,2.82908
0.58900,3.83435,2.82981
0.59000,3.84086,2.83053
0.59100,3.84737,2.83125
0.59200,3.85388,2.83195
0.59300,3.86039,2.83264
0.59400,3.86690,2.83332
0.59500,3.87341,2.83400
0.59600,3.87992,2.83466
0.59700,3.88643,2.83531
0.59800,3.89294,2.83596
0.59900,3.89945,2.83659
0.60000,3.90596,2.83722
0.60100,3.91247,2.83783
0.60200,3.91898,2.83843
0.60300,3.92549,2.83903
0.60400,3.93200,2.83961
0.60500,3.93851,2.84019
0.60600,3.94502,2.84075
0.60700,3.95153,2.84131
0.60800,3.95804,2.84185
0.60900,3.96455,2.84239
0.61000,3.97106,2.84292
0.61100,3.97757,2.84343
0.61200,3.98408,2.84394
0.61300,3.99059,2.84443
0.61400,3.99710,2.84492
0.61500,4.00361,2.84540
0.61600,4.01012,2.84586
0.61700,4.01663,2.84632
0.61800,4.02314,2.84677
0.61900,4.02965,2.84721
0.62000,4.03616,2.84763
0.62100,4.04267,2.84805
0.62200,4.04918,2.84846
0.62300,4.05569,2.84886
0.62400,4.06220,2.84925
0.62500,4.06871,2.84963
0.62600,4.07522,2.84999
0.62700,4.08173,2.85035
0.62800,4.08824,2.85070
0.62900,4.09475,2.85104
0.63000,4.10126,2.85137
0.63100,4.10777,2.85169
0.63200,4.11428,2.85200
0.63300,4.12079,2.85230
0.63400,4.12730,2.85259
0.63500,4.13381,2.85287
0.63600,4.14032,2.85314
0.63700,4.14683,2.85340
0.63800,4.15334,2.85366
0.63900,4.15985,2.85390
0.64000,4.16636,2.85413
0.64100,4.17287,2.85435
0.64200,4.17938,2.85456
0.64300,4.18589,2.85476
0.64400,4.19240,2.85496
0.64500,4.19891,2.85514
0.64600,4.20542,2.85531
0.64700,4.21193,2.85547
0.64800,4.21844,2.85563
0.64900,4.22495,2.85577
0.65000,4.23146,2.85590
0.65100,4.23796,2.85603
0.65200,4.24447,2.85614
0.65300,4.25098,2.85625
0.65400,4.25749,2.85634
0.65500,4.26400,2.85642
0.65600,4.27051,2.85650
0.65700,4.27702,2.85656
0.65800,4.28353,2.85662
0.65900,4.29004,2.85666
0.66000,4.29655,2.85670
0.66100,4.30306,2.85672
0.66200,4.30957,2.85674
0.66300,4.31608,2.85675
0.66400,4.32259,2.85674
0.66500,4.32910,2.85673
0.66600,4.33561,2.85671
0.66700,4.34212,2.85667
0.66800,4.34863,2.85663
0.66900,4.35514,2.85658
0.67000,4.36165,2.85651
0.67100,4.36816,2.85644
0.67200,4.37467,2.85636
0.67300,4.38118,2.85627
0.67400,4.38769,2.85616
0.67500,4.39420,2.85605
0.67600,4.40071,2.85593
0.67700,4.40722,2.85580
0.67800,4.41373,2.85566
0.67900,4.42024,2.85551
0.68000,4.42675,2.85535
0.68100,4.43326,2.85517
0.68200,4.43977,2.85499
0.68300,4.44628,2.85480
0.68400,4.45279,2.85460
0.68500,4.45930,2.85439
0.68600,4.46581,2.85417
0.68700,4.47232,2.85394
0.68800,4.47883,2.85371
0.68900,4.48534,2.85346
0.69000,4.49185,2.85320
0.69100,4.49836,2.85293
0.69200,4.50487,2.85265
0.69300,4.51138,2.85236
0.69400,4.51789,2.85206
0.69500,4.52440,2.85176
0.69600,4.53091,2.85144
0.69700,4.53742,2.85111
0.69800,4.54393,2.85077
0.69900,4.55044,2.85043
0.70000,4.55695,2.85007
0.70100,4.56346,2.84970
0.70200,4.56997,2.84932
0.70300,4.57648,2.84894
0.70400,4.58299,2.84854
0.70500,4.58950,2.84814
0.70600,4.59601,2.84772
0.70700,4.60252,2.84729
0.70800,4.60903,2.84686
0.70900,4.61554,2.84641
0.71000,4.62205,2.84596
0.71100,4.62856,2.84549
0.71200,4.63507,2.84502
0.71300,4.64158,2.84453
0.71400,4.64809,2.84404
0.71500,4.65460,2.84353
0.71600,4.66111,2.84302
0.71700,4.66762,2.84250
0.71800,4.67413,2.84196
0.71900,4.68064,2.84142
0.72000,4.68715,2.84087
0.72100,4.69366,2.84030
0.72200,4.70017,2.83973
0.72300,4.70668,2.83915
0.72400,4.71319,2.83856
0.72500,4.71970,2.83795
0.72600,4.72621,2.83734
0.72700,4.73272,2.83672
0.72800,4.73923,2.83609
0.72900,4.74574,2.83545
0.73000,4.75225,2.83479
0.73100,4.75876,2.83413
0.73200,4.76527,2.83346
0.73300,4.77178,2.83278
0.73400,4.77829,2.83209
0.73500,4.78480,2.83139
0.73600,4.79131,2.83068
0.73700,4.79782,2.82996
0.73800,4.80433,2.82923
0.73900,4.81084,2.82849
0.74000,4.81735,2.82774
0.74100,4.82386,2.82698
0.74200,4.83037,2.82621
0.74300,4.83688,2.82543
0.74400,4.84339,2.82465
0.74500,4.84990,2.82385
0.74600,4.85641,2.82304
0.74700,4.86292,2.82222
0.74800,4.86943,2.82139
0.74900,4.87594,2.82055
0.75000,4.88245,2.81971
0.75100,4.88896,2.81885
0.75200,4.89547,2.81798
0.75300,4.90198,2.81711
0.75400,4.90849,2.81622
0.75500,4.91500,2.81532
0.75600,4.92151,2.81442
0.75700,4.92802,2.81350
0.75800,4.93453,2.81257
0.75900,4.94104,2.81164
0.76000,4.94755,2.81069
0.76100,4.95406,2.80974
0.76200,4.96057,2.80877
0.76300,4.96708,2.80780
0.76400,4.97359,2.80681
0.76500,4.98010,2.80582
0.76600,4.98661,2.80481
0.76700,4.99312,2.80380
0.76800,4.99963,2.80277
0.76900,5.00614,2.80174
0.77000,5.01265,2.80070
0.77100,5.01916,2.79964
0.77200,5.02567,2.79858
0.77300,5.03218,2.79751
0.77400,5.03869,2.79642
0.77500,5.04520,2.79533
0.77600,5.05171,2.79423
0.77700,5.05822,2.79311
0.77800,5.06473,2.79199
0.77900,5.07124,2.79086
0.78000,5.07775,2.78972
0.78100,5.08426,2.78857
0.78200,5.09077,2.78741
0.78300,5.09728,2.78623
0.78400,5.10379,2.78505
0.78500,5.11030,2.78386
0.78600,5.11681,2.78266
0.78700,5.12332,2.78145
0.78800,5.12983,2.78023
0.78900,5.13634,2.77900
0.79000,5.14285,2.77776
0.79100,5.14936,2.77651
0.79200,5.15587,2.77525
0.79300,5.16238,2.77398
0.79400,5.16889,2.77270
0.79500,5.17540,2.77141
0.79600,5.18190,2.77011
0.79700,5.18841,2.76881
0.79800,5.19492,2.76749
0.79900,5.20143,2.76616
0.80000,5.20794,2.76482
0.80100,5.21445,2.76347
0.80200,5.22096,2.76212
0.80300,5.22747,2.76075
0.80400,5.23398,2.75937
0.80500,5.24049,2.75798
0.80600,5.24700,2.75659
0.80700,5.25351,2.75518
0.80800,5.26002,2.75376
0.80900,5.26653,2.75234
0.81000,5.27304,2.75090
0.81100,5.27955,2.74945
0.81200,5.28606,2.74800
0.81300,5.29257,2.74653
0.81400,5.29908,2.74506
0.81500,5.30559,2.74357
0.81600,5.31210,2.74208
0.81700,5.31861,2.74057
0.81800,5.32512,2.73906
0.81900,5.33163,2.73753
0.82000,5.33814,2.73600
0.82100,5.34465,2.73446
0.82200,5.35116,2.73290
0.82300,5.35767,2.73134
0.82400,5.36418,2.72976
0.82500,5.37069,2.72818
0.82600,5.37720,2.72659
0.82700,5.38371,2.72498
0.82800,5.39022,2.72337
0.82900,5.39673,2.72175
0.83000,5.40324,2.72012
0.83100,5.40975,2.71847
0.83200,5.41626,2.71682
0.83300,5.42277,2.71516
0.83400,5.42928,2.71349
0.83500,5.43579,2.71181
0.83600,5.44230,2.71012
0.83700,5.44881,2.70842
0.83800,5.45532,2.70670
0.83900,5.46183,2.70498
0.84000,5.46834,2.70325
0.84100,5.47485,2.70151
0.84200,5.48136,2.69976
0.84300,5.48787,2.69800
0.84400,5.49438,2.69623
0.84500,5.50089,2.69445
0.84600,5.50740,2.69266
0.84700,5.51391,2.69087
0.84800,5.52042,2.68906
0.84900,5.52693,2.68724
0.85000,5.53344,2.68541
0.85100,5.53995,2.68357
0.85200,5.54646,2.68172
0.85300,5.55297,2.67986
0.85400,5.55948,2.67800
0.85500,5.56599,2.67612
0.85600,5.57250,2.67423
0.85700,5.57901,2.67233
0.85800,5.58552,2.67043
0.85900,5.59203,2.66851
0.86000,5.59854,2.66658
0.86100,5.60505,2.66465
0.86200,5.61156,2.66270
0.86300,5.61807,2.66075
0.86400,5.62458,2.65878
0.86500,5.63109,2.65680
0.86600,5.63760,2.65482
0.86700,5.64411,2.65282
0.86800,5.65062,2.65082
0.86900,5.65713,2.64880
0.87000,5.66364,2.64678
0.87100,5.67015,2.64474
0.87200,5.67666,2.64270
0.87300,5.68317,2.64064
0.87400,5.68968,2.63858
0.87500,5.69619,2.63651
0.87600,5.70270,2.63442
0.87700,5.70921,2.63233
0.87800,5.71572,2.63023
0.87900,5.72223,2.62811
0.88000,5.72874,2.62599
0.88100,5.73525,2.62386
0.88200,5.74176,2.62172
0.88300,5.74827,2.61956
0.88400,5.75478,2.61740
0.88500,5.76129,2.61523
0.88600,5.76780,2.61305
0.88700,5.77431,2.61086
0.88800,5.78082,2.60865
0.88900,5.78733,2.60644
0.89000,5.79384,2.60422
0.89100,5.80035,2.60199
0.89200,5.80686,2.59975
0.89300,5.81337,2.59750
0.89400,5.81988,2.59524
0.89500,5.82639,2.59297
0.89600,5.83290,2.59069
0.89700,5.83941,2.58840
0.89800,5.84592,2.58610
0.89900,5.85243,2.58379
0.90000,5.85894,2.58147
0.90100,5.86545,2.57914
0.90200,5.87196,2.57681
0.90300,5.87847,2.57446
0.90400,5.88498,2.57210
0.90500,5.89149,2.56973
0.90600,5.89800,2.56735
0.90700,5.90451,2.56497
0.90800,5.91102,2.56257
0.90900,5.91753,2.56016
0.91000,5.92404,2.55774
0.91100,5.93055,2.55532
0.91200,5.93706,2.55288
0.91300,5.94357,2.55043
0.91400,5.95008,2.54798
0.91500,5.95659,2.54551
0.91600,5.96310,2.54303
0.91700,5.96961,2.54055
0.91800,5.97612,2.53805
0.91900,5.98263,2.53555
0.92000,5.98914,2.53303
0.92100,5.99565,2.53051
0.92200,6.00216,2.52797
0.92300,6.00867,2.52543
0.92400,6.01518,2.52287
0.92500,6.02169,2.52031
0.92600,6.02820,2.51773
0.92700,6.03471,2.51515
0.92800,6.04122,2.51256
0.92900,6.04773,2.50995
0.93000,6.05424,2.50734
0.93100,6.06075,2.50472
0.93200,6.06726,2.50208
0.93300,6.07377,2.49944
0.93400,6.08028,2.49679
0.93500,6.08679,2.49413
0.93600,6.09330,2.49145
0.93700,6.09981,2.48877
0.93800,6.10632,2.48608
0.93900,6.11283,2.48338
0.94000,6.11934,2.48067
0.94100,6.12584,2.47795
0.94200,6.13235,2.47521
0.94300,6.13886,2.47247
0.94400,6.14537,2.46972
0.94500,6.15188,2.46696
0.94600,6.15839,2.46419
0.94700,6.16490,2.46141
0.94800,6.17141,2.45862
0.94900,6.17792,2.45582
0.95000,6.18443,2.45301
0.95100,6.19094,2.45019
0.95200,6.19745,2.44736
0.95300,6.20396,2.44452
0.95400,6.21047,2.44168
0.95500,6.21698,2.43882
0.95600,6.22349,2.43595
0.95700,6.23000,2.43307
0.95800,6.23651,2.43018
0.95900,6.24302,2.42728
0.96000,6.24953,2.42438
0.96100,6.25604,2.42146
0.96200,6.26255,2.41853
0.96300,6.26906,2.41559
0.96400,6.27557,2.41265
0.96500,6.28208,2.40969
0.96600,6.28859,2.40672
0.96700,6.29510,2.40375
0.96800,6.30161,2.40076
0.96900,6.30812,2.39777
0.97000,6.31463,2.39476
0.97100,6.32114,2.39175
0.97200,6.32765,2.38872
0.97300,6.33416,2.38568
0.97400,6.34067,2.38264
0.97500,6.34718,2.37958
0.97600,6.35369,2.37652
0.97700,6.36020,2.37345
0.97800,6.36671,2.37036
0.97900,6.37322,2.36727
0.98000,6.37973,2.36416
0.98100,6.38624,2.36105
0.98200,6.39275,2.35793
0.98300,6.39926,2.35479
0.98400,6.40577,2.35165
0.98500,6.41228,2.34850
0.98600,6.41879,2.34533
0.98700,6.42530,2.34216
0.98800,6.43181,2.33898
0.98900,6.43832,2.33579
0.99000,6.44483,2.33259
0.99100,6.45134,2.32937
0.99200,6.45785,2.32615
0.99300,6.46436,2.32292
0.99400,6.47087,2.31968
0.99500,6.47738,2.31643
0.99600,6.48389,2.31317
0.99700,6.49040,2.30990
0.99800,6.49691,2.30662
0.99900,6.50342,2.30333
1.00000,6.50993,2.30003
1.00100,6.51644,2.29672
1.00200,6.52295,2.29340
1.00300,6.52946,2.29007
1.00400,6.53597,2.28673
1.00500,6.54248,2.28338
1.00600,6.54899,2.28002
1.00700,6.55550,2.27665
1.00800,6.56201,2.27327
1.00900,6.56852,2.26988
1.01000,6.57503,2.26649
1.01100,6.58154,2.26308
1.01200,6.58805,2.25966
1.01300,6.59456,2.25623
1.01400,6.60107,2.25279
1.01500,6.60758,2.24935
1.01600,6.61409,2.24589
1.01700,6.62060,2.24242
1.01800,6.62711,2.23895
1.01900,6.63362,2.23546
1.02000,6.64013,2.23196
1.02100,6.64664,2.22846
1.02200,6.65315,2.22494
1.02300,6.65966,2.22142
1.02400,6.66617,2.21788
1.02500,6.67268,2.21434
1.02600,6.67919,2.21078
1.02700,6.68570,2.20722
1.02800,6.69221,2.20364
1.02900,6.69872,2.20006
1.03000,6.70523,2.19646
1.03100,6.71174,2.19286
1.03200,6.71825,2.18924
1.03300,6.72476,2.18562
1.03400,6.73127,2.18199
1.03500,6.73778,2.17834
1.03600,6.74429,2.17469
1.03700,6.75080,2.17103
1.03800,6.75731,2.16735
1.03900,6.76382,2.16367
1.04000,6.77033,2.15998
1.04100,6.77684,2.15628
1.04200,6.78335,2.15256
1.04300,6.78986,2.14884
1.04400,6.79637,2.14511
1.04500,6.80288,2.14137
1.04600,6.80939,2.13762
1.04700,6.81590,2.13386
1.04800,6.82241,2.13009
1.04900,6.82892,2.12631
1.05000,6.83543,2.12251
1.05100,6.84194,2.11871
1.05200,6.84845,2.11490
1.05300,6.85496,2.11108
1.05400,6.86147,2.10725
1.05500,6.86798,2.10341
1.05600,6.87449,2.09957
1.05700,6.88100,2.09571
1.05800,6.88751,2.09184
1.05900,6.89402,2.08796
1.06000,6.90053,2.08407
1.06100,6.90704,2.08017
1.06200,6.91355,2.07626
1.06300,6.92006,2.07234
1.06400,6.92657,2.06842
1.06500,6.93308,2.06448
1.06600,6.93959,2.06053
1.06700,6.94610,2.05657
1.06800,6.95261,2.05261
1.06900,6.95912,2.04863
1.07000,6.96563,2.04464
1.07100,6.97214,2.04065
1.07200,6.97865,2.03664
1.07300,6.98516,2.03262
1.07400,6.99167,2.02860
1.07500,6.99818,2.02456
1.07600,7.00469,2.02052
1.07700,7.01120,2.01646
1.07800,7.01771,2.01240
1.07900,7.02422,2.00832
1.08000,7.03073,2.00424
1.08100,7.03724,2.00014
1.08200,7.04375,1.99604
1.08300,7.05026,1.99192
1.08400,7.05677,1.98780
1.08500,7.06327,1.98366
1.08600,7.06978,1.97952
1.08700,7.07629,1.97537
1.08800,7.08280,1.97120
1.08900,7.08931,1.96703
1.09000,7.09582,1.96285
1.09100,7.10233,1.95865
1.09200,7.10884,1.95445
1.09300,7.11535,1.95024
1.09400,7.12186,1.94602
1.09500,7.12837,1.94179
1.09600,7.13488,1.93754
1.09700,7.14139,1.93329
1.09800,7.14790,1.92903
1.09900,7.15441,1.92476
1.10000,7.16092,1.92048
1.10100,7.16743,1.91619
1.10200,7.17394,1.91189
1.10300,7.18045,1.90758
1.10400,7.18696,1.90326
1.10500,7.19347,1.89893
1.10600,7.19998,1.89459
1.10700,7.20649,1.89024
1.10800,7.21300,1.88588
1.10900,7.21951,1.88151
1.11000,7.22602,1.87713
1.11100,7.23253,1.87274
1.11200,7.23904,1.86834
1.11300,7.24555,1.86393
1.11400,7.25206,1.85951
1.11500,7.25857,1.85509
1.11600,7.26508,1.85065
1.11700,7.27159,1.84620
1.11800,7.27810,1.84174
1.11900,7.28461,1.83727
1.12000,7.29112,1.83280
1.12100,7.29763,1.82831
1.12200,7.30414,1.82381
1.12300,7.31065,1.81931
1.12400,7.31716,1.81479
1.12500,7.32367,1.81026
1.12600,7.33018,1.80573
1.12700,7.33669,1.80118
1.12800,7.34320,1.79663
1.12900,7.34971,1.79206
1.13000,7.35622,1.78748
1.13100,7.36273,1.78290
1.13200,7.36924,1.77830
1.13300,7.37575,1.77370
1.13400,7.38226,1.76909
1.13500,7.38877,1.76446
1.13600,7.39528,1.75983
1.13700,7.40179,1.75518
1.13800,7.40830,1.75053
1.13900,7.41481,1.74586
1.14000,7.42132,1.74119
1.14100,7.42783,1.73651
1.14200,7.43434,1.73182
1.14300,7.44085,1.72711
1.14400,7.44736,1.72240
1.14500,7.45387,1.71768
1.14600,7.46038,1.71294
1.14700,7.46689,1.70820
1.14800,7.47340,1.70345
1.14900,7.47991,1.69869
1.15000,7.48642,1.69392
1.15100,7.49293,1.68914
1.15200,7.49944,1.68434
1.15300,7.50595,1.67954
1.15400,7.51246,1.67473
1.15500,7.51897,1.66991
1.15600,7.52548,1.66508
1.15700,7.53199,1.66024
1.15800,7.53850,1.65539
1.15900,7.54501,1.65053
1.16000,7.55152,1.64566
1.16100,7.55803,1.64078
1.16200,7.56454,1.63589
1.16300,7.57105,1.63099
1.16400,7.57756,1.62609
1.16500,7.58407,1.62117
1.16600,7.59058,1.61624
1.16700,7.59709,1.61130
1.16800,7.60360,1.60635
1.16900,7.61011,1.60139
1.17000,7.61662,1.59643
1.17100,7.62313,1.59145
1.17200,7.62964,1.58646
1.17300,7.63615,1.58146
1.17400,7.64266,1.57646
1.17500,7.64917,1.57144
1.17600,7.65568,1.56641
1.17700,7.66219,1.56138
1.17800,7.66870,1.55633
1.17900,7.67521,1.55127
1.18000,7.68172,1.54621
1.18100,7.68823,1.54113
1.18200,7.69474,1.53605
1.18300,7.70125,1.53095
1.18400,7.70776,1.52585
1.18500,7.71427,1.52073
1.18600,7.72078,1.51561
1.18700,7.72729,1.51047
1.18800,7.73380,1.50533
1.18900,7.74031,1.50017
1.19000,7.74682,1.49501
1.19100,7.75333,1.48984
1.19200,7.75984,1.48465
1.19300,7.76635,1.47946
1.19400,7.77286,1.47426
1.19500,7.77937,1.46904
1.19600,7.78588,1.46382
1.19700,7.79239,1.45859
1.19800,7.79890,1.45335
1.19900,7.80541,1.44809
1.20000,7.81192,1.44283
1.20100,7.81843,1.43756
1.20200,7.82494,1.43228
1.20300,7.83145,1.42699
1.20400,7.83796,1.42168
1.20500,7.84447,1.41637
1.20600,7.85098,1.41105
1.20700,7.85749,1.40572
1.20800,7.86400,1.40038
1.20900,7.87051,1.39503
1.21000,7.87702,1.38967
1.21100,7.88353,1.38430
1.21200,7.89004,1.37892
1.21300,7.89655,1.37353
1.21400,7.90306,1.36813
1.21500,7.90957,1.36272
1.21600,7.91608,1.35730
1.21700,7.92259,1.35187
1.21800,7.92910,1.34644
1.21900,7.93561,1.34099
1.22000,7.94212,1.33553
1.22100,7.94863,1.33006
1.22200,7.95514,1.32458
1.22300,7.96165,1.31910
1.22400,7.96816,1.31360
1.22500,7.97467,1.30809
1.22600,7.98118,1.30257
1.22700,7.98769,1.29705
1.22800,7.99420,1.29151
1.22900,8.00071,1.28596
1.23000,8.00721,1.28041
1.23100,8.01372,1.27484
1.23200,8.02023,1.26927
1.23300,8.02674,1.26368
1.23400,8.03325,1.25808
1.23500,8.03976,1.25248
1.23600,8.04627,1.24686
1.23700,8.05278,1.24124
1.23800,8.05929,1.23560
1.23900,8.06580,1.22996
1.24000,8.07231,1.22430
1.24100,8.07882,1.21864
1.24200,8.08533,1.21297
1.24300,8.09184,1.20728
1.24400,8.09835,1.20159
1.24500,8.10486,1.19588
1.24600,8.11137,1.19017
1.24700,8.11788,1.18445
1.24800,8.12439,1.17872
1.24900,8.13090,1.17297
1.25000,8.13741,1.16722
1.25100,8.14392,1.16146
1.25200,8.15043,1.15569
1.25300,8.15694,1.14990
1.25400,8.16345,1.14411
1.25500,8.16996,1.13831
1.25600,8.17647,1.13250
1.25700,8.18298,1.12668
1.25800,8.18949,1.12085
1.25900,8.19600,1.11501
1.26000,8.20251,1.10915
1.26100,8.20902,1.10329
1.26200,8.21553,1.09742
1.26300,8.22204,1.09154
1.26400,8.22855,1.08565
1.26500,8.23506,1.07975
1.26600,8.24157,1.07384
1.26700,8.24808,1.06793
1.26800,8.25459,1.06200
1.26900,8.26110,1.05606
1.27000,8.26761,1.05011
1.27100,8.27412,1.04415
1.27200,8.28063,1.03818
1.27300,8.28714,1.03220
1.27400,8.29365,1.02622
1.27500,8.30016,1.02022
1.27600,8.30667,1.01421
1.27700,8.31318,1.00819
1.27800,8.31969,1.00217
1.27900,8.32620,0.99613
1.28000,8.33271,0.99008
1.28100,8.33922,0.98402
1.28200,8.34573,0.97796
1.28300,8.35224,0.97188
1.28400,8.35875,0.96580
1.28500,8.36526,0.95970
1.28600,8.37177,0.95359
1.28700,8.37828,0.94748
1.28800,8.38479,0.94135
1.28900,8.39130,0.93522
1.29000,8.39781,0.92907
1.29100,8.40432,0.92292
1.29200,8.41083,0.91675
1.29300,8.41734,0.91058
1.29400,8.42385,0.90439
1.29500,8.43036,0.89820
1.29600,8.43687,0.89200
1.29700,8.44338,0.88578
1.29800,8.44989,0.87956
1.29900,8.45640,0.87333
1.30000,8.46291,0.86708
1.30100,8.46942,0.86083
1.30200,8.47593,0.85457
1.30300,8.48244,0.84830
1.30400,8.48895,0.84201
1.30500,8.49546,0.83572
1.30600,8.50197,0.82942
1.30700,8.50848,0.82311
1.30800,8.51499,0.81679
1.30900,8.52150,0.81045
1.31000,8.52801,0.80411
1.31100,8.53452,0.79776
1.31200,8.54103,0.79140
1.31300,8.54754,0.78503
1.31400,8.55405,0.77865
1.31500,8.56056,0.77226
1.31600,8.56707,0.76586
1.31700,8.57358,0.75945
1.31800,8.58009,0.75303
1.31900,8.58660,0.74660
1.32000,8.59311,0.74016
1.32100,8.59962,0.73371
1.32200,8.60613,0.72725
1.32300,8.61264,0.72079
1.32400,8.61915,0.71431
1.32500,8.62566,0.70782
1.32600,8.63217,0.70132
1.32700,8.63868,0.69481
1.32800,8.64519,0.68829
1.32900,8.65170,0.68177
1.33000,8.65821,0.67523
1.33100,8.66472,0.66868
1.33200,8.67123,0.66213
1.33300,8.67774,0.65556
1.33400,8.68425,0.64898
1.33500,8.69076,0.64240
1.33600,8.69727,0.63580
1.33700,8.70378,0.62919
1.33800,8.71029,0.62258
1.33900,8.71680,0.61595
1.34000,8.72331,0.60932
1.34100,8.72982,0.60267
1.34200,8.73633,0.59602
1.34300,8.74284,0.58935
1.34400,8.74935,0.58268
1.34500,8.75586,0.57599
1.34600,8.76237,0.56930
1.34700,8.76888,0.56259
1.34800,8.77539,0.55588
1.34900,8.78190,0.54916
1.35000,8.78841,0.54242
1.35100,8.79492,0.53568
1.35200,8.80143,0.52893
1.35300,8.80794,0.52216
1.35400,8.81445,0.51539
1.35500,8.82096,0.50861
1.35600,8.82747,0.50182
1.35700,8.83398,0.49501
1.35800,8.84049,0.48820
1.35900,8.84700,0.48138
1.36000,8.85351,0.47455
1.36100,8.86002,0.46771
1.36200,8.86653,0.46085
1.36300,8.87304,0.45399
1.36400,8.87955,0.44712
1.36500,8.88606,0.44024
1.36600,8.89257,0.43335
1.36700,8.89908,0.42645
1.36800,8.90559,0.41954
1.36900,8.91210,0.41262
1.37000,8.91861,0.40569
1.37100,8.92512,0.39875
1.37200,8.93163,0.39180
1.37300,8.93814,0.38484
1.37400,8.94465,0.37787
1.37500,8.95115,0.37089
1.37600,8.95766,0.36391
1.37700,8.96417,0.35691
1.37800,8.97068,0.34990
1.37900,8.97719,0.34288
1.38000,8.98370,0.33585
1.38100,8.99021,0.32882
1.38200,8.99672,0.32177
1.38300,9.00323,0.31471
1.38400,9.00974,0.30764
1.38500,9.01625,0.30057
1.38600,9.02276,0.29348
1.38700,9.02927,0.28638
1.38800,9.03578,0.27928
1.38900,9.04229,0.27216
1.39000,9.04880,0.26504
1.39100,9.05531,0.25790
1.39200,9.06182,0.25075
1.39300,9.06833,0.24360
1.39400,9.07484,0.23643
1.39500,9.08135,0.22926
1.39600,9.08786,0.22207
1.39700,9.09437,0.21488
1.39800,9.10088,0.20767
1.39900,9.10739,0.20046
1.40000,9.11390,0.19324
1.40100,9.12041,0.18600
1.40200,9.12692,0.17876
1.40300,9.13343,0.17151
1.40400,9.13994,0.16424
1.40500,9.14645,0.15697
1.40600,9.15296,0.14969
1.40700,9.15947,0.14239
1.40800,9.16598,0.13509
1.40900,9.17249,0.12778
1.41000,9.17900,0.12046
1.41100,9.18551,0.11312
1.41200,9.19202,0.10578
1.41300,9.19853,0.09843
1.41400,9.20504,0.09107
1.41500,9.21155,0.08370
1.41600,9.21806,0.07632
1.41700,9.22457,0.06893
1.41800,9.23108,0.06153
1.41900,9.23759,0.05412
1.42000,9.24410,0.04669
1.42100,9.25061,0.03926
1.42200,9.25712,0.03182
1.42300,9.26363,0.02438
1.42400,9.27014,0.01692
1.42500,9.27665,0.00945
1.42600,9.28316,0.00197
